Kommunenavn,Kommunekode,Tillægsnavn,PlanID,Digital?
Aabenraa,0580,Tillæg nr. 1 for Kruså Vandmølle,12158286,Nej
Aabenraa,0580,Tillæg nr. 67 Møgelmose,12116511,Nej
Aalborg,0851,1.058 For området ved Kastetvej og Absalonsgade i Vestbyen,10851697,Nej
Aalborg,0851,1.059 For området ved Stuhrs Brygge,10956404,Nej
Aalborg,0851,1.060 Område ved Østerport,12161391,Nej
Aalborg,0851,1.061 Sygehus Nord og Gåsepigen,11240602,Nej
Aalborg,0851,1.062 Byudviklingsplan for Vestbyen og Mølholm,11911990,Nej
Aalborg,0851,"1.063 Udvidelse af hotel Radisson, Ved Stranden, Aalborg",12136734,Nej
Aalborg,0851,10.014 for vindmøller i Nørrekær Enge,3684516,Nej
Aalborg,0851,10.016 Bolig og Erhverv ved Søndergade/Sygehusvej i Nibe,10985829,Nej
Aalborg,0851,"10.017 Boliger ved Grydstedvej, Nibe",11239381,Nej
Aalborg,0851,10.018 Boligområde ved Lundevej,11340742,Nej
Aalborg,0851,2.015 for udvidelse af Aalborg Lufthavn,2087291,Nej
Aalborg,0851,2.024 For et område ved Loftbrovej,10946425,Nej
Aalborg,0851,"2.025 Stier Stigsborg, Nørresundby",11126881,Nej
Aalborg,0851,2.027 Aalborg Kaserne,11126903,Nej
Aalborg,0851,2.028 Erhverv Kystvejen,11176703,Nej
Aalborg,0851,2.029 Byudviklingsplan Løvvang,11240435,Nej
Aalborg,0851,2.030 Boliger ved Stenholmsvej,11256079,Nej
Aalborg,0851,"2.031 Aflastningsområde ved Loftbrovej, Bouet",11309394,Nej
Aalborg,0851,"2.032 Erhvervsområde Loftbrovej, Bouet",11306714,Nej
Aalborg,0851,"3.015 for landingsplads for lægehelikoptere, Mølholmsvej med VVM og MV",2967114,Nej
Aalborg,0851,3.034 for institution på Skydebanevej,10823587,Nej
Aalborg,0851,3.037 Ny institution ved Bejsebakkevej og ændret byggeret i tilstødende erhvervsområde,11280185,Nej
Aalborg,0851,"3.038 Område til offentlige formål, Skydebanevej",11252028,Nej
Aalborg,0851,3.039 Område ved Marinaen,11256119,Nej
Aalborg,0851,3.040 Dagligvarebutik på Ny Kærvej i Kærby,11238631,Nej
Aalborg,0851,"3.041 For et område til erhverv og pladskrævende varer ved City Syd, Skalborg",11268169,Nej
Aalborg,0851,3.043 Ændret byggemulighed i erhvervsområde i Sofiendal,11284220,Nej
Aalborg,0851,3.044 Ændrede byggemuligheder i det østlige Hasseris,11284312,Nej
Aalborg,0851,3.047 Erhverv ved Nibevej/Halkjærvej i Skalborg,11427242,Nej
Aalborg,0851,4.058 Nyt boligområde ved Nielsmindevej  i Gug,10907661,Nej
Aalborg,0851,4.073 For området ved Østre Alle og Samsøgade,11288210,Nej
Aalborg,0851,4.074 Område ved Reno Nord ved Troensevej,11026955,Nej
Aalborg,0851,4.075 Byudviklingsplan Vejgaard,11276179,Nej
Aalborg,0851,4.076 Udvidelse af landsbyen Sønder Tranders,11131681,Nej
Aalborg,0851,4.077 Ved Einsteins Boulevard nord,11131467,Nej
Aalborg,0851,4.078 For et området ved Alfred Nobels Vej,11268199,Nej
Aalborg,0851,4.079 Område ved C. P. Holbølls Plads,11268220,Nej
Aalborg,0851,4.080 For Universitetskvarteret,11176708,Nej
Aalborg,0851,4.081 Dagligvarebutik på Gugvej i Gug,11256247,Nej
Aalborg,0851,4.082 Ændret anvendelse Langagervej 16,11251939,Nej
Aalborg,0851,4.086 Blandet bolig og erhverv ved Selma Lagerløfs Vej,12155430,Nej
Aalborg,0851,4.088 Ændrede anvendelser og højder ved Gigantium,12136698,Nej
Aalborg,0851,"5.011 for Rærup Deponi, Halsvej med VVM og MV",2978138,Nej
Aalborg,0851,5.016 for vindmøller ved Lyngdrup,2994401,Nej
Aalborg,0851,5.018  Boliger ved Uggerhalnevej  i Grindsted,11939277,Ja
Aalborg,0851,5.032 Solceller ved Kæragerholmvej,10852621,Nej
Aalborg,0851,5.036 Området ved Nefovej,11169748,Nej
Aalborg,0851,5.039 Byudviklingsplan Langholt,11251943,Nej
Aalborg,0851,5.040 Solcellepark nord for Bouet,11907024,Nej
Aalborg,0851,5.041 Boligområde ved Langbrokrovej i Vodskov,11915161,Nej
Aalborg,0851,5.042 Udvidelse af bymidten i Vodskov,11366842,Nej
Aalborg,0851,5.045 Højspændingsstation ved Nordjyllandsværket,12187322,Nej
Aalborg,0851,6.032 Nyt institutionsområde i Frejlev,11192233,Nej
Aalborg,0851,6.034 Omdannelse af tidligere erhvervsområdet ved Nibevej i Frejlev,11284318,Nej
Aalborg,0851,"6.035 Erhverv ved Hobrovej, Svenstrup",11240697,Nej
Aalborg,0851,6.037 For erhvervsområde Hobrovej S i Svenstrup,11746118,Nej
Aalborg,0851,7.015 Boliger i området ved Spergelvej m.m. i Klarup,10909969,Nej
Aalborg,0851,7.017 Sommerhusområdet ved Lundby Bakker,11340684,Nej
Aalborg,0851,8.012 Erhverv ved Sejlflod,10899337,Nej
Aalborg,0851,8.014 Solcellepark ved Storvorde,11942129,Ja
Aalborg,0851,9.020 Nye færgelejer Hals-Egense,10907638,Nej
Aalborg,0851,9.022 Byudviklingsplan Stae og Vester Hassing,11183896,Nej
Aalborg,0851,9.023 Dagligvarebutik på Midtergade i Hals,11240627,Nej
Aalborg,0851,9.024 Erhverv ved Hals,11256287,Nej
Aalborg,0851,9.025 Ophævelse af ramme for Erhvervsområde,11256272,Nej
Aalborg,0851,9.026 Nye boliger i Hou,12117515,Nej
Aalborg,0851,9.027 Energipark Tuekær,11306728,Nej
Aalborg,0851,9.029 Hals Havns østpier og nordmole,12130396,Nej
Aalborg,0851,9.030 Højspændingsstation ved Abildbak,12157195,Nej
Aalborg,0851,H.012 Kommuneplantillæg om nye Vejanlæg i Aalborg Syd,1323569,Nej
Aalborg,0851,H.016 for vandindvinding ved Lundby Krat,1464854,Nej
Aalborg,0851,H.018 for vandindvinding i Volsted Plantage,1470723,Nej
Aalborg,0851,H.022 VVM-redegørelse og MV for oplag af olieprodukter i eksisterende olielager Gasværksvej,1498275,Nej
Aalborg,0851,H.024 for Universitetshospitalet 2. etape med VVM-redegørelse,1888835,Nej
Aalborg,0851,H.031 for letbane i Aalborg,3004400,Nej
Aalborg,0851,H.034 Fem målrettede vækstzoner for Erhverv,12187226,Nej
Aarhus,0751,"1. Udvidelse af Trige Højspændingsstation, Trige  (LP 1244)",12161235,Nej
Aarhus,0751,"10. Ændrede anvendelsesbestemmelser for syv arealer, der anvendes til jernbanedrift",12161550,Nej
Aarhus,0751,"11. Ændrede anvendelsesbestemmelser til boligformål for to områder, der er rammebelagt til offentlige formål",12161596,Nej
Aarhus,0751,"18. Blandede boligtyper på Larsmindevej 8, Lisbjerg (LP 1218)",12103147,Nej
Aarhus,0751,22. Frydenlundcenteret (LP 1165),12186766,Nej
Aarhus,0751,"3. Boligområde ved Kalmargade, Aarhus N (LP1253)",12192722,Nej
Aarhus,0751,4. Boliger på mejerigrunden ved Randersvej og Forten i Lisbjerg (LP 1254),12191939,Nej
Aarhus,0751,5. Bevaringsværdige bygninger Åby,12186082,Nej
Aarhus,0751,6. Boliger ved Tilst Vestervej og Gedingvej i Tilst (LP 1205),12186942,Nej
Aarhus,0751,7. Vurdering af enkeltbygningers bevaringsværdi (1-4). Delområderne: Vejlby-Risskov,12160430,Nej
Aarhus,0751,8. Vurdering af enkeltbygningers bevaringsværdi (1-4). Bevaringsværdige bygninger i Midtbyen,12160432,Nej
Aarhus,0751,Tillæg nr. 31 til Kommuneplan 2025,12193096,Nej
Aarhus,0751,Vindmøller ved Vosnæs (LP 1237),12097797,Nej
Albertslund,0165,Kommuneplantillæg 1 - Vridsløse,11255878,Nej
Albertslund,0165,Kommuneplantillæg 2 - Herstedlund Nord,11306773,Nej
Albertslund,0165,Kommuneplantillæg 3 Sydvangen øst,11287512,Nej
Albertslund,0165,Kommuneplantillæg 4 - Hersted Stationsforplads,11340745,Nej
Albertslund,0165,Kommuneplantillæg 5 - rækkefølgeplanlægning,11915624,Nej
Albertslund,0165,Kommuneplantillæg 6,12126254,Nej
Albertslund,0165,Kommuneplantillæg 8 Institution på Skallerne 1,12161571,Nej
Allerød,0201,Kommuneplantillæg nr. 1 for Vassingerød Syd - LU.E.02-1,12181307,Nej
Assens,0420,"Kommuneplantillæg nr. 1 Boligområde ved Skolevej, Grønnemose",12130083,Nej
Assens,0420,Kommuneplantillæg nr. 2 Offentlige formål ved Vestervangen,12129167,Nej
Assens,0420,Kommuneplantillæg nr. 3 For Nyt Aflastningsområde i Assens,12139367,Nej
Assens,0420,"Kommuneplantillæg nr. 5 Erhvervsområde ved Bogensevej, Grønnemose",12181819,Nej
Assens,0420,Kommuneplantillæg nr. 7 Område til offentlig formål,12187272,Nej
Assens,0420,"Ny kommuneplanrammekommuneplantillæg nr. 6 Ny kommuneplanramme  2.1.O.41 Institutionsformål på Nørregård, Nedermarken, Ørsbjerg",12187296,Nej
Ballerup,0151,Nr. 1 - Skovrejsning,12136868,Nej
Billund,0530,Tillæg nr 1 - Grindsted Retail Park,12122194,Nej
Billund,0530,Tillæg nr. 2 - Billund bymidteafgrænsning,12133278,Nej
Bornholms Regionskommune,0400,01 Fornyet høring,10814447,Nej
Bornholms Regionskommune,0400,03 Rønne Syd,10854346,Nej
Bornholms Regionskommune,0400,04 Boliger i tidligere gymnasium,10336351,Nej
Bornholms Regionskommune,0400,06 Trætophytter Rutsker Højlyng,10908011,Nej
Bornholms Regionskommune,0400,07 Aflastningscenter ved Vibegårds Runddel,10914825,Nej
Bornholms Regionskommune,0400,08 Ypnasted,10894780,Nej
Bornholms Regionskommune,0400,10 Reduktion af støjkonsekvenszone for helikopterflyveplads,10938925,Nej
Bornholms Regionskommune,0400,11 Solceller ved Kildevad,11425256,Nej
Bornholms Regionskommune,0400,13 Kulturelle formål på Kjøllergaard,11229508,Nej
Bornholms Regionskommune,0400,14 Boligområde ved Langebjerg,11020211,Nej
Bornholms Regionskommune,0400,17 For den tidligere Østre Skole,11129698,Nej
Bornholms Regionskommune,0400,18 For et sommerhusområde ved Tejnvej,11925641,Nej
Bornholms Regionskommune,0400,"19 Rønne Havn, nye oplagsarealer samt ny kaj",11262270,Nej
Bornholms Regionskommune,0400,"20 Højspændingsstation, Energiø Bornholm",11307801,Nej
Bornholms Regionskommune,0400,21 For et sommerhusområde ved Langebjerg,11183679,Nej
Bornholms Regionskommune,0400,27 Multifunktionskaj ved Rønne Havn,11285433,Nej
Bornholms Regionskommune,0400,28 Aflastningsområde til store Butikker i Rønne,11276644,Nej
Bornholms Regionskommune,0400,31 Sommerhusområde ved Hammersø,11964013,Nej
Bornholms Regionskommune,0400,32 For et sommerhusområde ved Gedebakkevej,12107826,Nej
Bornholms Regionskommune,0400,36 - For festivaler på Nordlandet,12158254,Nej
Bornholms Regionskommune,0400,Solceller ved Kildevad,11234629,Nej
Brøndby,0153,Kommuneplantillæg nr. 1. Kirkebjerg,9712821,Nej
Brøndby,0153,Kommuneplantillæg nr. 10,11228723,Nej
Brøndby,0153,Kommuneplantillæg nr. 11 Brøndbyøstervej 78-80,11229456,Nej
Brøndby,0153,Kommuneplantillæg nr. 12. Ragnesminde,11252235,Nej
Brøndby,0153,Kommuneplantillæg nr. 2 Kirkebjerg Stationsforplads,9713167,Nej
Brøndby,0153,Kommuneplantillæg nr. 3 Plejecenter,10239297,Nej
Brøndby,0153,Kommuneplantillæg nr. 4. Sportsbyen,10061905,Nej
Brøndby,0153,Kommuneplantillæg nr. 5. Lokalcenter Park Allé,10269240,Nej
Brøndby,0153,Kommuneplantillæg nr. 6 Brøndbyvester Skole,10061966,Nej
Brøndby,0153,Kommuneplantillæg nr. 7. Daginstitutioner Tranehaven,10456793,Nej
Brøndby,0153,Kommuneplantillæg nr. 8 Seniorbofællesskab på Horsedammen,10855098,Nej
Brøndby,0153,Kommuneplantillæg nr. 9. Kirkebjerg Bydelscenter,11023510,Nej
Brønderslev,0810,"Fordebat - Dagligvarebutik ved Slotsgade, Dronninglund",12139032,Nej
Brønderslev,0810,"Kommuneplantillæg nr. 1 Teknisk anlæg, Brønderslev Energipark",12139030,Nej
Brønderslev,0810,Kommuneplantillæg nr. 2 Udvidelse af  Hjallerup Erhvervspark,12131053,Nej
Brønderslev,0810,Kommuneplantillæg nr. 3 Pastor Laier,12157674,Nej
Brønderslev,0810,Kommuneplantillæg nr. 4 Kulturcenter Fabrikken,12187311,Nej
Dragør,0155,Kommuneplantillæg 1 til Kommuneplan 2022,11131792,Nej
Dragør,0155,Kommuneplantillæg 2 til Kommuneplan 2022,11326323,Nej
Dragør,0155,Kommuneplantillæg 3 til Kommuneplan 2022,11324631,Nej
Dragør,0155,Kommuneplantillæg 5,12139263,Nej
Dragør,0155,Kommuneplantillæg 6 for Sandtangen,12121855,Nej
Dragør,0155,Kommuneplantillæg 8,12139366,Nej
Dragør,0155,Kommuneplantillæg 9 - Skovområde ved Fælledvej,12182726,Nej
Egedal,0240,Kommuneplantillæg - Smørum Idrætsområde og Smørum Kraftvarme,12187351,Nej
Egedal,0240,Kommuneplantillæg 1 - Regnvandsbassin og rekreativt område vest for Tværvej,12122202,Nej
Egedal,0240,Kommuneplantillæg nr. 02 Erhverv Risbyvej,12121894,Nej
Esbjerg,0561,Ændring 2023.27 Bolig ved Novrupvej 81 Esbjerg,11252204,Nej
Esbjerg,0561,"Ændring 2024.42 Helgolandshaven, boliger og hotel, Esbjerg",11306195,Nej
Esbjerg,0561,Ændring 2026.01 Boliger og kvartersplads i Det Internationale Kvarter,12158477,Nej
Esbjerg,0561,Ændring 2026.12 Dokken,12158249,Nej
Faaborg-Midtfyn,0430,"Erhvervsvirksomhed Fangelvej 98, Broby",12158789,Nej
Faaborg-Midtfyn,0430,Højspændingsstation Nordskov,12134284,Nej
Faaborg-Midtfyn,0430,Solcelleanlæg ved Stjernegårdsvej,12160497,Nej
Faaborg-Midtfyn,0430,Tillæg nr. 1 til Kommuneplan 2019 - Års.B.13 Boligområde i Årslev-Sdr. Nærå,9731709,Nej
Faaborg-Midtfyn,0430,Tillæg nr. 10 til Kommuneplan 2019,10272819,Nej
Faaborg-Midtfyn,0430,Tillæg nr. 11 Hil.O.3 for offentlig område i Hillerslev (Hjemly Fri- og Efterskole),10456906,Nej
Faaborg-Midtfyn,0430,"Tillæg nr. 12 til Kommuneplan 2019 Østerbrokvarteret, Faaborg",10681808,Nej
Faaborg-Midtfyn,0430,"Tillæg nr. 13, Bolig og erhverv, Ferritslev (Fer.BE.2)",10783755,Nej
Faaborg-Midtfyn,0430,"Tillæg nr. 14 - Bolig og erhverv, Ringe (Rin.BE.1, Rin.R.1 og Rin.B.1)",10907103,Nej
Faaborg-Midtfyn,0430,"Tillæg nr. 15, Boligområde i Årslev-Sdr. Nærå",10814518,Nej
Faaborg-Midtfyn,0430,Tillæg nr. 16 - Centerområde ved Håndværkervangen i Årslev,10906980,Nej
Faaborg-Midtfyn,0430,"Tillæg nr. 17 - Nor.T.1, Teknisk Anlæg, solcelle og vindmølle, Ringe Nord",10851246,Nej
Faaborg-Midtfyn,0430,Tillæg nr. 18 Ændring af detailhandelsstrukturen i Faaborg,10943138,Nej
Faaborg-Midtfyn,0430,"Tillæg nr. 19 til Kommuneplan 2019, Ændring af Vaa.B.1, Vester Aaby",10938802,Nej
Faaborg-Midtfyn,0430,"Tillæg nr. 2 Fan.BE.1 for erhvervsvirksomhed, Fangelvej 98, 5672 Broby",9752377,Nej
Faaborg-Midtfyn,0430,Tillæg nr. 20 til Kommuneplan 2019 - Ny rammeafgrænsning af Års.O.7 og Års.B.10,10982254,Nej
Faaborg-Midtfyn,0430,Tillæg nr. 21 til Kommuneplan - Tilpasning af Rin.B.17 ift. krav om tæt-lav boligbebyggelse og støjafskærmning,10984064,Nej
Faaborg-Midtfyn,0430,Tillæg nr. 22 Grundstørrelser for tæt-lav boligbebyggelse,11129408,Nej
Faaborg-Midtfyn,0430,"Tillæg nr. 23, Års.B.10, Udvidelse af boligområde, Årslev - Sdr. Nærå",11129335,Nej
Faaborg-Midtfyn,0430,"Tillæg nr. 24 til Kommuneplan 2019. Udvidelse af Års.C.4, Centerområde i Årslev-Sdr. Nærå",11129490,Nej
Faaborg-Midtfyn,0430,Tillæg nr. 25 - Ændring af ramme Kor.O.3 og oprettelse af ny ramme Kor.BE.1,11172498,Nej
Faaborg-Midtfyn,0430,"Tillæg nr. 26 - Ave.R.2, Rekreativt område, Avernakø",11055018,Nej
Faaborg-Midtfyn,0430,Tillæg nr. 27 til Kommuneplan 2019 - Fjernelse af krav om andel tæt-lav boliger i Fer.B.12,11194313,Nej
Faaborg-Midtfyn,0430,"Tillæg nr. 28 Dobbelthuse på Oddevej, Avernakø",11228676,Nej
Faaborg-Midtfyn,0430,Tillæg nr. 29 til Kommuneplan 2019 Ændring af parkeringsnorm for centerområdet Års.C.3 i bymidten i Årslev,11235590,Nej
Faaborg-Midtfyn,0430,Tillæg nr. 30 til Kommuneplan 2019 Udvidelse af Bernstorffsminde Efterskole herunder mulighed for solcelleanlæg,11194496,Nej
Faaborg-Midtfyn,0430,"Tillæg nr. 31 til Kommuneplan 2019 - Ændring af erhvervsområde ved Håndværkervej i Gislev, Gis.E.1",11249363,Nej
Faaborg-Midtfyn,0430,"Tillæg nr. 32 til Kommuneplan 2019, Dyr.B.2 - Boliger, Dyreborg",11249388,Nej
Faaborg-Midtfyn,0430,"Tillæg nr. 33 - Faa.C.13 Bryggergården, Faaborg",11255154,Nej
Faaborg-Midtfyn,0430,"Tillæg nr. 34, Sommerhusområde ved Nab",11254933,Nej
Faaborg-Midtfyn,0430,"Tillæg nr. 35 - Rin.C.2, Centrumpladsen, Ringe",11263153,Nej
Faaborg-Midtfyn,0430,"Tillæg nr. 36 til Kommuneplan 2019, Sal.T.1 Tekniske Anlæg, solceller ved Sallingelunde",11271400,Nej
Faaborg-Midtfyn,0430,Tillæg nr. 37 Regulering af tæt-lav boligbebyggelse i Nr. Søby,11306412,Nej
Faaborg-Midtfyn,0430,"Tillæg nr. 38 - Aflysning af kommuneplanramme Rin.BE.7, Rynkeby",11414310,Nej
Faaborg-Midtfyn,0430,"Tillæg nr. 39 til Kommuneplan 2019, Solcelleanlæg, Øster Hæsinge",11431319,Nej
Faaborg-Midtfyn,0430,"Tillæg nr. 4 til Kommuneplan 2019 - Ny ramme, Kvæ.C.2, Centerområde i Kværndrup",10242048,Nej
Faaborg-Midtfyn,0430,"Tillæg nr. 40 til Kommuneplan 2019, Erhvervsområde ved Havnegade og Vestkaj, Faaborg",11912933,Nej
Faaborg-Midtfyn,0430,"Tillæg nr. 41 til Kommuneplan, Rudme Herringe Landsbyer",11346998,Nej
Faaborg-Midtfyn,0430,"Tillæg nr. 43 Aflastningscenter, Bygmestervej, Ringe",11908135,Nej
Faaborg-Midtfyn,0430,Tillæg nr. 46 til Kommuneplan 2019,12159976,Nej
Faaborg-Midtfyn,0430,Tillæg nr. 49 til Kommuneplan 2019 - Aflysning af kommuneplanrammen Kli.S.6 Sommerhusområde Klintholm,12185482,Nej
Faaborg-Midtfyn,0430,Tillæg nr. 5 til Kommuneplan 2019 - Ny afgrænsning af erhvervsområde Nrb.E.3,10243333,Nej
Faaborg-Midtfyn,0430,"Tillæg nr. 6 - Rin.R.8, Grønt område ved Dybdalgård, Ringe",10238843,Nej
Faaborg-Midtfyn,0430,Tillæg nr. 7 til Kommuneplan 2019,10272640,Nej
Faaborg-Midtfyn,0430,Tillæg nr. 8 til Kommuneplan 2019,10272713,Nej
Faaborg-Midtfyn,0430,Tillæg nr. 9,10272728,Nej
Fanø,0563,Forslag til kommuneplantillæg 6.,11426821,Nej
Fanø,0563,KOMMUNEPLANTILLÆG NR.4,11253227,Nej
Fanø,0563,Kommuneplantillæg 1,10985388,Nej
Fanø,0563,Kommuneplantillæg 3,11206345,Nej
Fanø,0563,Kommuneplantillæg 7,11453861,Nej
Fanø,0563,Kommuneplantillæg 7,11453859,Nej
Fanø,0563,Kommuneplantillæg for Gl. Postvej 4,12191014,Nej
Fanø,0563,Tillæg nr. 2  til kommuneplan 2021 - Klimatilpasningsplan,11171073,Nej
Favrskov,0710,Forslag til tillæg nr. 3 - Erhvervsområdet nord for Kappa,12137738,Nej
Favrskov,0710,"Forslag til tillæg nr. 4 - Solcelleanlæg mellem Hadsten, Hadbjerg og Nørre Galten",12186974,Nej
Favrskov,0710,Forslag til tillæg nr. 5 - Boligområde syd for Engdalsvej,12139047,Nej
Favrskov,0710,Forslag til tillæg nr. 6 - Naturplan 2025,12160002,Nej
Favrskov,0710,Tillæg nr. 1 - Genbrugsplads ved Lynghøjvej,11939223,Nej
Favrskov,0710,Tillæg nr. 2 - Serviceområde ved E45 nær Hadsten,11912939,Nej
Faxe,0320,Kommuneplantillæg nr. 6 (KP2025) Udviklingsområder i kystnærhedszonen,12189907,Nej
Faxe,0320,Tillæg nr. 2 Rekreativt landskab ved Faxe Alle i Faxe,12138929,Nej
Faxe,0320,"Tillæg nr. 5 Rammeområde R-E3, R-E4 og R-R4 Erhverv- og rekreative formål i Rønnede",12190077,Nej
Fredensborg,0210,Forslag til tillæg nr. 2 til Kommuneplan 2025,12161294,Nej
Frederiksberg,0147,2,12188705,Nej
Frederiksberg,0147,3,12182579,Nej
Frederiksberg,0147,5,12185843,Nej
Frederiksberg,0147,Forslag til Kommuneplantillæg 1 for hotel på Vodroffsvej 59,12129203,Nej
Frederikshavn,0813,"15.53 - Boligområde, Rolykke 12, Sæby",9538536,Nej
Frederikshavn,0813,15.58 - Udvidelse af Sæby Havn,9579249,Nej
Frederikshavn,0813,15.67 - Udvidelse af Frederikshavn Havn ved Østre Kaj,9675101,Nej
Frederikshavn,0813,15.70 - Boligområde Flade Bakker i Frederikshavn,9675710,Nej
Frederikshavn,0813,15.74 Blandet bolig- og erhvervsområde ved Mejerivej og Tømmergade,9683744,Nej
Frederikshavn,0813,15.79 - Centerområde ved Frederikshavnsvej og Rolighedsvej,9731607,Nej
Frederikshavn,0813,GEO-2020-06386 Tillæg nr. 15.109 - Udvidelse af Strandby Havn,11240557,Nej
Frederikshavn,0813,GEO-2022-02922 - Tillæg 15.55 - Frederikshavn Nordstrand,11304381,Nej
Frederikshavn,0813,GEO-2023-04198 - Tillæg nr. 15.114 - Erhvervsområde ved Vendsysselvej,11299853,Nej
Frederikshavn,0813,GEO-2023-07805  - Tillæg nr. 15.129 - Boliger i centerbygningen ved Sæby Søbad,12187330,Nej
Frederikshavn,0813,Tillæg  nr. 15.41 - Industrikajen/Fabrikskajen,11024040,Nej
Frederikshavn,0813,Tillæg nr. 15.02 - Erhvervspark Sæby Syd,3018258,Nej
Frederikshavn,0813,Tillæg nr. 15.05 - Boligområde nord for Nørgårdsvej i Strandby,3014717,Nej
Frederikshavn,0813,Tillæg nr. 15.07 - Boligområde vest for Mjølnersvej i Skagen,3015226,Nej
Frederikshavn,0813,Tillæg nr. 15.08 - Fodboldgolfbane,3015222,Nej
Frederikshavn,0813,Tillæg nr. 15.10 - Erhvervsområde ved Industrivej i Vangen,3154131,Nej
Frederikshavn,0813,Tillæg nr. 15.101 - Niels Skiverens Vej 1 (Niels Skiverens Gaard),11228958,Nej
Frederikshavn,0813,Tillæg nr. 15.102 - Sommerhusområde ved Flagbakkevej 26 (Højengran),11239937,Nej
Frederikshavn,0813,Tillæg nr. 15.104  - Solcelleanlæg Ribberholt,11425133,Nej
Frederikshavn,0813,Tillæg nr. 15.105 - Solcelleanlæg Starbakke,11282404,Nej
Frederikshavn,0813,"Tillæg nr. 15.106 - Boligområde ved Vestre Strandvej , Skagen",11416665,Nej
Frederikshavn,0813,Tillæg nr. 15.107- Havbad Strandby,12158457,Nej
Frederikshavn,0813,Tillæg nr. 15.11 - Udvidelse af Frederikshavn Havn - Etape 1,3024830,Nej
Frederikshavn,0813,Tillæg nr. 15.110 Støjvold ved genbrugsplads Ravnshøj ,11255862,Nej
Frederikshavn,0813,Tillæg nr. 15.111 Kraftvarmeværk,11281506,Nej
Frederikshavn,0813,"Tillæg nr. 15.113 - Transformerstation Ålborgrvej 311, Dybvad",11281806,Nej
Frederikshavn,0813,Tillæg nr. 15.115 - Nordjyllands Idrætsefterskole,11906983,Nej
Frederikshavn,0813,"Tillæg nr. 15.118 - Østervrå Idræts-, Sogne- og Kulturcenter",11496232,Nej
Frederikshavn,0813,Tillæg nr. 15.123 - Ændring af planbestemmelser på en del af Frederikshavn Havn,11922442,Nej
Frederikshavn,0813,"Tillæg nr. 15.125 -  Restaurant mv. Hestvangvej 14, Understed",11938688,Nej
Frederikshavn,0813,Tillæg nr. 15.13 - Bolig- og erhvervsområde ved Saltebakken,3128129,Nej
Frederikshavn,0813,"Tillæg nr. 15.16 -  Fugleformidlingscenter, Skagen Fyr",3111718,Nej
Frederikshavn,0813,Tillæg nr. 15.17 - Centerområde Østervrå,3127760,Nej
Frederikshavn,0813,Tillæg nr. 15.18 - Sommerhusområde ved Lerbækhuse,3136245,Nej
Frederikshavn,0813,Tillæg nr. 15.20 - Sommerhus- og hotelområde ved Kandestederne,3139340,Nej
Frederikshavn,0813,Tillæg nr. 15.21 - Boliger ved Caspersvej i Frederikshavn,3266581,Nej
Frederikshavn,0813,Tillæg nr. 15.23 - Dagligvarebutik Hjørringvej 37-39,3185703,Nej
Frederikshavn,0813,Tillæg nr. 15.24 - Vinkelgården,3242032,Nej
Frederikshavn,0813,Tillæg nr. 15.25 - Område omkring hovedgaden i Præstbro,3540209,Nej
Frederikshavn,0813,Tillæg nr. 15.27 - Udvidelse af Skagen Havn etape 3,9415836,Nej
Frederikshavn,0813,Tillæg nr. 15.29 - Rådhusparken i Frederikshavn,3185755,Nej
Frederikshavn,0813,Tillæg nr. 15.31 - Erhvervsområde ved Øksnebjergvej,3438210,Nej
Frederikshavn,0813,Tillæg nr. 15.32 - Boligområde ved Anholtvej,3762920,Nej
Frederikshavn,0813,"Tillæg nr. 15.33 - Lille Skagen Bolig-, ferie- og fritidsområde ved Nordsøvej",3268737,Nej
Frederikshavn,0813,Tillæg nr. 15.38 - Boligområde Toftegårdsvej,3635155,Nej
Frederikshavn,0813,Tillæg nr. 15.39 - Hotel- og konferencecenter Hvideklit,3709572,Nej
Frederikshavn,0813,Tillæg nr. 15.42 - Boliger på Gasværksvej,3964752,Nej
Frederikshavn,0813,"Tillæg nr. 15.43 - Boliger ved Grønnevænget, Sæby",9433300,Nej
Frederikshavn,0813,Tillæg nr. 15.44 - Område omkring Solsbækvej,9432402,Nej
Frederikshavn,0813,Tillæg nr. 15.45 - Nellemanns Have i Sæby,3964774,Nej
Frederikshavn,0813,"Tillæg nr. 15.46 - Boliger ved Brønderslevvej, Gærum",9419079,Nej
Frederikshavn,0813,Tillæg nr. 15.47 - Boliger ved Solsbæk Strand,9405050,Nej
Frederikshavn,0813,"Tillæg nr. 15.51 - Sommerhusområde ved Nellemannsvej, Lyngså",9514560,Nej
Frederikshavn,0813,Tillæg nr. 15.56 - Temaplan for udpegning af byudviklingsområder,11129952,Nej
Frederikshavn,0813,Tillæg nr. 15.63 - nye retningslinjer for detailhandel,9717345,Nej
Frederikshavn,0813,Tillæg nr. 15.65 - Solcelleanlæg nord for Ålbæk,9646271,Nej
Frederikshavn,0813,Tillæg nr. 15.69 - Rekreativt område,9654848,Nej
Frederikshavn,0813,Tillæg nr. 15.73 - Boligområde ved Ørnevej,9715987,Nej
Frederikshavn,0813,"Tillæg nr. 15.76 Boligområde ved Pernille Oxes Vej, Sæby",9695608,Nej
Frederikshavn,0813,Tillæg nr. 15.78 - Boligområde syd for Brønderslevvej,9718982,Nej
Frederikshavn,0813,"Tillæg nr. 15.81 - Centerområde ved Østkystvejen, Voerså",10084420,Nej
Frederikshavn,0813,"Tillæg nr. 15.82 - Erhvervsområde syd for Kjeldgårdsvej II, Sæby",10084421,Nej
Frederikshavn,0813,"Tillæg nr. 15.83 - Boligområde ved Kirkevej, Skagen",10239715,Nej
Frederikshavn,0813,"Tillæg nr. 15.84 - Boligområde ved Langtvedvej, Sæby",10239721,Nej
Frederikshavn,0813,Tillæg nr. 15.85 - Klimatilpasningsplan 2022,10774417,Nej
Frederikshavn,0813,Tillæg nr. 15.86 - Erhvervsområde ved Buttervej øst i Skagen,10685930,Nej
Frederikshavn,0813,"Tillæg nr. 15.87 - Sommerhusområde ved Havlund, Sæby",10699912,Nej
Frederikshavn,0813,"Tillæg nr. 15.89 - Centerområde ved Sæbygårdvej, Sæby",10888952,Nej
Frederikshavn,0813,"Tillæg nr. 15.90 - Rekreativt område ved Kirkemarken, Strandby",10792807,Nej
Frederikshavn,0813,Tillæg nr. 15.92 - Boligområde øst for Ankermedet Ældrecenter,10908342,Nej
Frederikshavn,0813,"Tillæg nr. 15.94 - Tæt-lav boliger ved Krøyersvej 10, Skagen",10942928,Nej
Frederikshavn,0813,"Tillæg nr. 15.95 - Erhverv og sportsanlæg ved Esbjerggade, Frederikshavn",10942918,Nej
Frederikshavn,0813,Tillæg nr. 15.96 - Solcelleanlæg ved Havensvej/Badskær,11020107,Nej
Frederikshavn,0813,"Tillæg nr. 15.97 - Sommerhusområde mellem Kandebakkevej og Kandestedvej, Kandestederne",11016321,Nej
Frederikshavn,0813,Tillæg nr. 15.98 - Sommerhusområde ved Hvideklitvej 22,11020109,Nej
Frederikssund,0250,Kommuneplantillæg 001 for S-togs værksted,12134168,Nej
Frederikssund,0250,Kommuneplantillæg 002 for en batteripark ved Maglehøj syd for Lyngerup,12158445,Nej
Frederikssund,0250,Kommuneplantillæg 004 for Bonderup Banegrav,12185959,Nej
Furesø,0190,Tillæg 2 til Kommuneplan 2025,12107234,Nej
Furesø,0190,Tillæg 3 til Kommuneplan 2025,12136454,Nej
Furesø,0190,Tillæg 4 til Kommuneplan 2025,12136461,Nej
Gentofte,0157,Forslag til Tillæg 2,12130509,Nej
Gentofte,0157,Forslag til Tillæg 4,12129094,Nej
Gentofte,0157,Forslag til Tillæg 7,12185617,Nej
Gentofte,0157,Tillæg 1,12117367,Nej
Gentofte,0157,Tillæg 3,12126419,Nej
Gentofte,0157,Tillæg 6,12158622,Nej
Gladsaxe,0159,Tillæg 16 til Kommuneplan 2021,12185595,Nej
Glostrup,0161,KPT 1 - Erhvervsskole ved Hvissingevej,12158441,Nej
Glostrup,0161,KPT 3 - Parkeringshus ved Engtoftevej,12191017,Nej
Glostrup,0161,KPT2 - Rækkehusområde ved Ejby Mosevej og Skolestien,12190909,Nej
Greve,0253,Kommuneplantillæg nr. 2 til Kommuneplan 2021 - Første temarevision til Kommuneplan 2025 om Boliger til hele livet,11442226,Nej
Greve,0253,Kommuneplantillæg nr. 3 - 2. temarevision om 'Rig  natur og vedvarende energi',11912062,Nej
Greve,0253,Kommuneplantillæg nr. 4 - Ophævelse af konsekvenszone om RC-Centret,12183132,Nej
Greve,0253,Kommuneplantillæg nr. 5 - 3. temarevision om 'Trygge og sammenhængende lokalområder',12190838,Nej
Gribskov,0270,Tillæg nr. 10 - Saunaer langs kysten,12181763,Nej
Gribskov,0270,Tillæg nr. 11 - Rågeleje ,12182429,Nej
Gribskov,0270,Tillæg nr. 5 - Parkeringsplads ved stranden i Tisvilde,12137733,Nej
Gribskov,0270,Tillæg nr. 8 - Gilleleje Remise,12138928,Nej
Guldborgsund,0376,Kommuneplantillæg 6 Nykøbing F Bymidte,12188756,Nej
Guldborgsund,0376,Kommuneplantillæg nr.  9 Højspændingsstation Nørre Radsted,12085602,Nej
Guldborgsund,0376,Kommuneplantillæg nr. 10 Vennerslund Solcellepark,12085443,Nej
Guldborgsund,0376,"Kommuneplantillæg nr. 16, Rækkehuse ved Hamborgskovvej",12188636,Nej
Guldborgsund,0376,Kommuneplantillæg nr. 8 til realisering af lokalplan 221 for Aalholm Slot,12085187,Nej
Guldborgsund,0376,Kommuneplantillæg nr. 9,12085329,Nej
Guldborgsund,0376,Kommuneplantillæg nr. 9 Højspændingsstation ved Nørre Radsted,10609788,Nej
Guldborgsund,0376,Marielyst Ferieby,11278168,Nej
Guldborgsund,0376,Omdannelse af Nykøbing Falster havn,11439037,Nej
Guldborgsund,0376,TILLÆG NR 2 TIL KOMMUNEPLAN 2023-2035,11719373,Nej
Guldborgsund,0376,Tillæg 11 Stubbekøbing Vesthavn,11966138,Nej
Guldborgsund,0376,Tillæg nr. 12 til kommuneplan 2023-2035 - Rækkehus på Linde Allé,12126174,Nej
Guldborgsund,0376,Vennerslund Solcellepark,12085237,Nej
Guldborgsund,0376,Vækstkvarter,11291661,Nej
Haderslev,0510,"11-2021 Erhvervsområde ved Ribevej, Skrydstrup, Vojens",11252094,Nej
Haderslev,0510,12-2025 Solenergianlæg ved Strandelhjørn,12138913,Nej
Haderslev,0510,"2-2025 Centerområde ved Over Jerstalvej, Vojens",12186815,Nej
Haderslev,0510,21-2025 Butikscenter ved Bredgade,12182440,Nej
Haderslev,0510,"22-2025 Kursuscenter, Sommersted",12181757,Nej
Haderslev,0510,5-2025 Solenergianlæg Kastvrå,12087312,Nej
Haderslev,0510,6-2025 Rekreativt område ved Folevej,11922057,Nej
Haderslev,0510,8-2025 Område til offentlige formål Lembckesvej,12158368,Nej
Haderslev,0510,"9-2025 Erhvervsområde ved Stensbækvej, Arnum",12121802,Nej
Haderslev,0510,Boligområde Søndre Tværvej,11906871,Nej
Haderslev,0510,"Rekreativt område, Vesterris",11629027,Nej
Halsnæs,0260,Kommuneplantillæg nr. 4 for Månedalen i Hundested,12185307,Nej
Halsnæs,0260,Kommuneplantillæg nr.3,12185211,Nej
Halsnæs,0260,To lavbundsområder ved Sverkilstrup,12187055,Nej
Hedensted,0766,Kommuneplantillæg nr. 13,12159981,Nej
Hedensted,0766,Kommuneplantillæg nr. 15,12187416,Nej
Hedensted,0766,Kommuneplantillæg nr. 2,12138169,Nej
Hedensted,0766,Kommuneplantillæg nr. 3,12182006,Nej
Hedensted,0766,Kommuneplantillæg nr. 4,12116670,Nej
Hedensted,0766,Kommuneplantillæg nr. 5,12159978,Nej
Helsingør,0217,Tillæg 1 Erhvervsområde Kvistgård Nord,9731729,Nej
Helsingør,0217,Tillæg 11. Boliger ved Gurrevej og Rønnedalen,10477826,Nej
Helsingør,0217,Tillæg 12 Pindemosen,10711845,Nej
Helsingør,0217,Tillæg 13 Helsingør Bykerne,10740711,Nej
Helsingør,0217,Tillæg 14 Helsingør Idrætspark ved Gl. Hellebækvej,10884248,Nej
Helsingør,0217,Tillæg 16 - Espergærde Havn,10917845,Nej
Helsingør,0217,Tillæg 18 - Fiolgade,12139755,Nej
Helsingør,0217,Tillæg 19 for Nordskov Mølle i Ålsgårde,11170940,Nej
Helsingør,0217,"Tillæg 2 for boliger på Esrumvej, den tidligere hospitalsgtund",9701806,Nej
Helsingør,0217,Tillæg 20 for offentlig formål på Esrumvej 190,11126690,Nej
Helsingør,0217,Tillæg 21 for Sommarivabyen,11332444,Nej
Helsingør,0217,Tillæg 22 for Bevarende lokalplan for Hellebæk og del af Nordre Strandvej i Ålsgårde,11183722,Nej
Helsingør,0217,Tillæg 23  Del af Cinemabyen ved Rønnebær Allé og Fredericiavej,11201539,Nej
Helsingør,0217,Tillæg 24 - Idrætsanlæg ved Falkenberg Jorde,11228647,Nej
Helsingør,0217,Tillæg 26 for Køromgård Senioregnede boliger,11270762,Nej
Helsingør,0217,Tillæg 27 Boliger og erhverv på Haderslevvej i Cinemabyen,11331583,Nej
Helsingør,0217,Tillæg 28 - Solcelleanlæg ved Skibstrup,11453938,Nej
Helsingør,0217,Tillæg 30 for boliger på Løvdalsvej,11925734,Nej
Helsingør,0217,Tillæg 31 - Sommarivabyen,11964054,Nej
Helsingør,0217,Tillæg 4 for Boliger ved Rasmus Knudsens Vej og retningslinjer for almene boliger,10240624,Nej
Helsingør,0217,Tillæg 5 for Spillested i Murergade,9715961,Nej
Helsingør,0217,Tillæg 6 Tagboliger i Hovparken,10053992,Nej
Helsingør,0217,Tillæg 7 for boliger i Vandtårnet i Hornbæk,10353315,Nej
Herlev,0163,Kommuneplantillæg 1,11286484,Nej
Herlev,0163,Tillæg 2: Boliger og erhverv på Herlev Bygade 90 og Vindebyvej 2,11337410,Nej
Herlev,0163,Tillæg 3: Udvikling af Bangs Torv med boliger og erhverv,11426082,Nej
Herlev,0163,Tillæg 4: Boliger på Gammel Klausdalsbrovej 416 og 424,12127923,Nej
Herlev,0163,Tillæg 5: Boliger og erhverv på Vasekær 2-8,12103139,Nej
Herning,0657,"Kommuneplantillæg nr 10, Rammeområde 73.B5 og 73.BL1",12189932,Nej
Herning,0657,"Kommuneplantillæg nr 4, Rammeområde 12.E4 og 12.BL1 Blandet bolig og erhvervsområde ved",12156562,Nej
Herning,0657,"Kommuneplantillæg nr 5, Rammeområde 61.B3 Boligområde øst for Lind Hovedgade",12127918,Nej
Herning,0657,"Kommuneplantillæg nr 6, Rammeområde 89.E21 og 89.J6 Erhvervsområde i det åbne land ved Røddinglundvej i Vildbjerg",12157295,Nej
Herning,0657,"Kommuneplantillæg nr 7, Rammeområde 99.T50 Teknisk anlæg for solceller syd for Tarpvej ved Sdr. Felding",12189983,Nej
Herning,0657,"Kommuneplantillæg nr 8, Rammeområde 99.T48 Teknisk anlæg for højspændingsstationer øst for Vardevej ved Sdr. Felding",12137823,Nej
Herning,0657,"Kommuneplantillæg nr 9, Rammeområde 42.B3 Boligområde syd for Sinding Hovedgade",12157248,Nej
Hillerød,0219,Kommuneplantillæg 4,12186849,Nej
Hjørring,0860,Tillæg 1 - Vindmøller mellem Ilbro og Høgsted,12139471,Nej
Hjørring,0860,Tillæg 2 - Udvidelse af Rønnovsholm Biogas,12121745,Nej
Hjørring,0860,"Tillæg 3 - Ferie- og fritidsformål og naturområde ved Møllebakkevej, Lønstrup",12157993,Nej
Hjørring,0860,Tillæg 4 - Temaplan om kulturarv,11922125,Nej
Hjørring,0860,Tillæg 5 - Solceller øst for Hjørring,12185356,Nej
Hjørring,0860,Tillæg 6 - Solceller vest for Ugilt,12185589,Nej
Hjørring,0860,"Tillæg 7 - Erhvervsområde ved Rugerivej, Vrå",12193025,Nej
Hjørring,0860,Tillæg 9 - Fjernvarmeanlæg nord for Vrå,12192784,Nej
Holbæk,0316,1 - Sandby Vindpark,11414650,Nej
Holbæk,0316,2 - for et område ved Omfartsvejen,11330172,Nej
Holbæk,0316,4 - Have Borup boligområde,12157358,Nej
Holstebro,0661,"Boligområde ved Golfsvinget og Knudehus, Råsted",12156541,Nej
Holstebro,0661,"Centerområde ved Danmarksgade, Holstebro",12130593,Nej
Holstebro,0661,"Tillæg nr.  6 - Ulfborg Fjernvarme, ændret afgrænsning, bygningshøjde m.m.",12126393,Ja
Holstebro,0661,"Tillæg nr. 10 - Bygningshøjder i erhvervsområde ved Skautrupvej, Tvis",12161066,Ja
Holstebro,0661,Tillæg nr. 14 - Offentligt område ved Frøjkgården,12185533,Ja
Holstebro,0661,Tillæg nr. 7 Område til tekniske anlæg ved Idomlund,11654758,Nej
Holstebro,0661,Tillæg nr. 9 Energipark ved Idomlund - Energy Hub Holstebro,11938648,Nej
Horsens,0615,"2025-4, Offentlige formål, Dagnæs Hal 2, Horsens",12104464,Nej
Hvidovre,0167,Forslag til Tillæg nr. 2 til Kommuneplan 2021 om dagtilbud i Avedøre,11192514,Nej
Hvidovre,0167,Tillæg nr. 1 - Hvidovre Stadion,11021638,Nej
Hvidovre,0167,Tillæg nr. 10 - Parkering og friarealer i fortætningsområderne i de stationsnære kerneområder,12107184,Nej
Hvidovre,0167,Tillæg nr. 11 Område ved Høvedstensvej,12185884,Nej
Hvidovre,0167,Tillæg nr. 3 - Hvidovrevej 80,11228231,Nej
Hvidovre,0167,Tillæg nr. 4 til Kommuneplan 2021 om energianlæg ved rideskolen på Avedøre Slettevej,11252453,Nej
Hvidovre,0167,Tillæg nr. 5 til Kommuneplan 2021 for åben-lave boliger i rammeområde 1C14,11317460,Nej
Hvidovre,0167,Tillæg nr. 6 for Svend Aagesens Alle 10 og Immerkær 42,11484610,Nej
Hvidovre,0167,Tillæg nr. 8 - nyt lokalcenter ved Tårnfalkevej,11341976,Nej
Hvidovre,0167,Tillæg nr. 9 - Området ved  Præstemoseskolen,11347144,Nej
Høje-Taastrup,0169,Tillæg 1 til Kommuneplan 2021,11171024,Nej
Høje-Taastrup,0169,Tillæg 10 til Kommuneplan 2021,11484700,Nej
Høje-Taastrup,0169,Tillæg 11 til Kommuneplan 2021,11484701,Nej
Høje-Taastrup,0169,Tillæg 12 til Kommuneplan 2021,11906973,Nej
Høje-Taastrup,0169,Tillæg 13 til Kommuneplan 2021,12103154,Nej
Høje-Taastrup,0169,Tillæg 14 til Kommuneplan 2021,12103157,Nej
Høje-Taastrup,0169,Tillæg 15 til Kommuneplan 2021,12161124,Nej
Høje-Taastrup,0169,Tillæg 17 til Kommuneplan 2021,12181630,Nej
Høje-Taastrup,0169,Tillæg 18,12188520,Nej
Høje-Taastrup,0169,Tillæg 2 til Kommuneplan 2021,11192236,Nej
Høje-Taastrup,0169,Tillæg 3 til Kommuneplan 2021,11192210,Nej
Høje-Taastrup,0169,Tillæg 4 til Kommuneplan 2021,11206246,Nej
Høje-Taastrup,0169,Tillæg 5 til Kommuneplan 2021,11263349,Nej
Høje-Taastrup,0169,Tillæg 6 til Kommuneplan 2021,11262315,Nej
Høje-Taastrup,0169,Tillæg 7 til Kommuneplan 2021,11268949,Nej
Høje-Taastrup,0169,Tillæg 8 til Kommuneplan 2021,11331585,Nej
Høje-Taastrup,0169,Tillæg 9 til Kommuneplan 2021,11434990,Nej
Ikast-Brande,0756,"Kommuneplantillæg 6 - Teknisk anlæg, Bredgade, Nørre Snede",12129707,Nej
Ikast-Brande,0756,"Kommuneplantillæg nr. 3 - Sommerhusområde, Jægersprisvej, Guldforhoved",12130428,Nej
Ishøj,0183,Kommuneplantillæg nr. 1,12138165,Nej
Ishøj,0183,Kommuneplantillæg nr. 2,12186774,Nej
Jammerbugt,0849,"Kommuneplantillæg nr. 1 - Teknisk anlæg, Øslev Mark, Skerping",12181817,Nej
Kalundborg,0326,Tillæg nr. 1 til Kalundborg Kommuneplan 2025-2036 for etageboliger nord for Holbækvej,11942118,Nej
Kalundborg,0326,Tillæg nr. 2 for tæt-lav boligbebyggelse i Gørlev,11909980,Nej
Kalundborg,0326,Tillæg nr. 4 til Kalundborg Kommuneplan 2025-2036 for batterianlæg ved Asnæsværket,12161304,Nej
Kolding,0621,Tillæg 1 til Kommuneplan 2025-2036,11492638,Nej
Kolding,0621,Tillæg 12 til Kommuneplan 2025-2036,12115331,Nej
Kolding,0621,Tillæg 14 til Kommuneplan 2025-2036,12160431,Nej
Kolding,0621,Tillæg 2 til Kommuneplan 2025-2036,12187167,Nej
Kolding,0621,Tillæg 4 til Kommuneplan 2025-2036,12185420,Nej
Kolding,0621,Tillæg 6 til Kommuneplan 2025-2036,12085414,Nej
Kolding,0621,Tillæg 8 til Kommuneplan 2025-2036,12085146,Nej
Kolding,0621,Tillæg 9 til Kommuneplan 2025-2036,11966401,Nej
Københavns Kommune,0101,Kalvebod Brygge Vest,11765508,Nej
Københavns Kommune,0101,Langeliniespidsen,12181933,Nej
Københavns Kommune,0101,Palads,12104490,Nej
Københavns Kommune,0101,Østerbrogade Kaserne,12109014,Nej
Køge,0259,Tillæg nr. 1 - Køge Idrætspark,11231488,Nej
Køge,0259,Tillæg nr. 10 - Ravnsborg Enge - Nordbyen,11910154,Nej
Køge,0259,Tillæg nr. 11 - Boliger på Køge Fælles Jord,11259473,Nej
Køge,0259,Tillæg nr. 12 - Siloer i Køge Havn,11337289,Nej
Køge,0259,Tillæg nr. 15 - Herfølge Bjergby,12137507,Nej
Køge,0259,Tillæg nr. 16 - Gammel Netto p-plads,12085223,Nej
Køge,0259,Tillæg nr. 18 - Køge Dige,12104943,Nej
Køge,0259,Tillæg nr. 19 - Boliger på Kymervej,11331814,Nej
Køge,0259,Tillæg nr. 2 - Boliger i Køge Nord,10983849,Nej
Køge,0259,Tillæg nr. 20 - Boskovcentret,11453846,Nej
Køge,0259,Tillæg nr. 28 - Stiunderføring ved Køge bymidte,12185559,Nej
Køge,0259,Tillæg nr. 3 - Karlemoseparken,11206396,Nej
Køge,0259,Tillæg nr. 4 - Hotel og sundhedshuse i Bellingeparken,11016418,Nej
Køge,0259,Tillæg nr. 5 - Boliger på Vamdrupvej,11141584,Nej
Køge,0259,Tillæg nr. 6 - Boliger nord for Køge Idrætspark,11312523,Nej
Køge,0259,Tillæg nr. 7 - Boliger ved Kimmerslevvej,11270688,Nej
Køge,0259,Tillæg nr. 8 - Boliger på Østervang i Gørslev,11240634,Nej
Køge,0259,Tillæg nr. 9 - Nyt byområde på Søndre Havn – SH5 og SH6,11610236,Nej
Langeland,0482,Nyt boligområde i Bagenkop,12185690,Nej
Lejre,0350,Tillæg nr. 1 til Kommuneplan 2025 om et bolig og erhvervsområde ved Vintappervej,12108859,Nej
Lejre,0350,Tillæg nr. 2 til Kommuneplan 2025 for et boligområde ved Munkegården,12161130,Nej
Lemvig,0665,Kommuneplantillæg nr. 14 - Maritimt Museumscenter og De Røde Huse - Thyborøn,11286369,Nej
Lemvig,0665,Kommuneplantillæg nr. 4 - Udtagning af arealer fra eksisterende sommerhusområder,11020076,Nej
Lemvig,0665,"Kommuneplantillæg nr. 9 - Ferie- og Fritsformål – Nyvang, Lemvig",11192523,Nej
Lemvig,0665,Tillæg 15 - Vindmølle på Thyborøn Sydhavn,11257042,Nej
Lemvig,0665,Tillæg nr. 10 - Ramme til Klimapark ved Nees Hede,11131706,Nej
Lemvig,0665,"Tillæg nr. 12 - Campingplads, øvrige ferie- og fritidsformål samt fødevarevirk. med besøgsfaciliteter ved Pilgårdvej, Nørre Nissum",11206309,Nej
Lemvig,0665,Tillæg nr. 17 - Nyt aflastningsområde i Lemvig,11257347,Nej
Lemvig,0665,Tillæg nr. 23 til Lemvig Kommuneplan 2021-33 Lemvig: Levende bymidte,11366864,Nej
Lemvig,0665,Tillæg nr. 24 til Kommuneplan 2021-33,11620006,Nej
Lemvig,0665,Tillæg nr. 25 til Kommuneplan 2021-33: Lemvig Biogas,12139177,Nej
Lemvig,0665,Tillæg nr. 26 til Kommuneplan 2021-33: Pindstrup solcellepark,12107746,Nej
Lemvig,0665,"Tillæg nr. 30 til Kommuneplan 2021-33 - Campingplads m.m. ved Strandvejen, Vejlby",12190879,Nej
Lemvig,0665,Tillæg nr. 31 til Kommuneplan 2021-2033 - Bolig og hotel i Gudum,12190911,Nej
Lemvig,0665,"Tillæg nr. 5 - Sommerhusområde vest for Gjelleroddevej, Gjeller Odde",11131628,Nej
Lemvig,0665,Tillæg nr. 6 - Sommerhusområde Vejlby Klit 4-6D,11231379,Nej
Lemvig,0665,Tillæg nr. 8 - Ladeinfrastruktur m.m. ved Lemvig Station,11194071,Nej
Lolland,0360,Tillæg 1 Feriehotel på Svanehøj i Bandholm,12138170,Nej
Lyngby-Taarbæk,0173,"10/2021 Exmoor Stalden, Nybrovej",11337275,Nej
Lyngby-Taarbæk,0173,11/2021 DTU,12121757,Nej
Lyngby-Taarbæk,0173,4/2025 Skolebakken / Parcelvej,11237677,Nej
Lyngby-Taarbæk,0173,6/2025 Lyngbygårdsvej Vest,12182732,Nej
Lyngby-Taarbæk,0173,Hollandsvej,12136716,Nej
Lyngby-Taarbæk,0173,Thorsvej og Odinsvej.,12181649,Nej
Læsø,0825,Kommuneplantillæg nr. 1 - Solcelleanlæg Hundetudevej,3702962,Nej
Læsø,0825,Kommuneplantillæg nr. 2,9435089,Nej
Mariagerfjord,0846,Kommuneplantillæg nr. 1,11854701,Nej
Mariagerfjord,0846,Kommuneplantillæg nr. 2,11722101,Nej
Mariagerfjord,0846,Kommuneplantillæg nr. 8,11939538,Nej
Mariagerfjord,0846,Nr. 10 - Etageboliger og parkeringsplads ved Jernbanegade og Skivevej i Hobro,12139739,Nej
Mariagerfjord,0846,Nr. 12 Biogasanlæg nord for Tobberup,12187170,Nej
Mariagerfjord,0846,Nr. 3 - Ølsvej,11942179,Nej
Mariagerfjord,0846,Nr. 5 - Boligområde Sdr. Onsild,12158054,Nej
Mariagerfjord,0846,"Nr. 7 - Blandet bolig-, erhvervs og butiksbebyggelse langs Adelgade, Skibsgade og Nytorv i Hobro",11942190,Nej
Mariagerfjord,0846,Nr. 9 - Sødisbakke,12104247,Nej
Middelfart,0410,T.01.03 - Transformerstation ved Vandværksvej,12181747,Nej
Middelfart,0410,Tillæg 1 Skrillinge Strand,12126272,Nej
Morsø,0773,Kommuneplantillæg 1 - Udvidelse af rammeområde 17.B.10 ved Rolstrupparken i Nykøbing,11240542,Nej
Morsø,0773,"Kommuneplantillæg 2 - Udvidelse af rammeområde 50.LF.08 - Landzone Ferie/fritid, feriehotel Ejerslev",11279452,Nej
Morsø,0773,"Kommuneplantillæg 3 - Udvidelse af rammeområde 17.E.04 - Erhverv, Nykøbing, Limfjordsvej ",11270965,Nej
Morsø,0773,"Kommuneplantillæg 5 - Udlæg af rammeområde 15.O.06 - Område til offentlige formål, Øster Jølby, plejehjem",12191066,Nej
Norddjurs,0707,Kommuneplantillæg nr. 3 - Projekt Fjellerup Udvikling - Tillæg til kommuneplan 2025,12157914,Nej
Norddjurs,0707,Kommuneplantillæg nr. 6 - Fjellerup,12181596,Nej
Norddjurs,0707,"Tillæg 4 til Kommuneplan 2025 - Område til offentlig formål, Auningvej",12160034,Nej
Norddjurs,0707,"Tillæg nr. 2 til Kommuneplan 2025, Kompenseringsstation mellem Ålsrode og Balle",12127915,Nej
Nordfyns,0480,"Kommuneplantillæg nr. 1,  Muligheder for boliger, O17 Rådhus m.m. i Otterup",12181230,Nej
Nordfyns,0480,"Kommuneplantillæg nr. 3, Bogense Forsyning, E05",12189512,Nej
Nordfyns,0480,"Kommuneplantillæg nr. 4, Bryggergården",12181020,Nej
Næstved,0370,Almene boliger i Lov,12138019,Nej
Næstved,0370,Forslag til Kommuneplantillæg nr. 8,12116656,Nej
Næstved,0370,Kommuneplantillæg nr. 03,12086653,Nej
Næstved,0370,Kommuneplantillæg nr. 04,12128983,Nej
Næstved,0370,Kommuneplantillæg nr. 1,11922484,Nej
Næstved,0370,Kommuneplantillæg nr. 13,12190713,Nej
Næstved,0370,Kommuneplantillæg nr. 2,12158382,Nej
Næstved,0370,Kommuneplantillæg nr. 7,12189322,Nej
Odder,0727,Tillæg nr. 1 til Kommuneplan 2025-2037,12121950,Nej
Odder,0727,Tillæg nr. 9 - Assedrup,12192704,Nej
Odense,0461,Tillæg nr. 14 Erhvervsområde Østerbro,12139017,Nej
Odense,0461,Tillæg nr. 15 Dyrskuepladsen,12138977,Nej
Odense,0461,Tillæg nr. 16 Tusindårsskoven,12138945,Nej
Odense,0461,Tillæg nr. 19 Lokalcenter Stenløsevej,12189921,Nej
Odense,0461,Tillæg nr. 2 Boliger og rekreativt byrum,12182603,Nej
Odense,0461,Tillæg nr. 24 Boliger og erhverv ved Østergade 54-68,12187007,Nej
Odense,0461,"Tillæg nr. 3 Udvidelse af Hotel Odense, OCC",12181581,Nej
Odense,0461,Tillæg nr. 35 Gårde og Landbrugsbygninger - Svendborgvej 471,12186091,Nej
Odense,0461,Tillæg nr. 40 Boliger Fraugde øst,11131327,Nej
Odense,0461,Tillæg nr. 5 Pladsen bag Sdr. Boulevard 85,12122046,Nej
Odense,0461,Tillæg nr. 71 Erhvervsområde J.B. Winsløws Vej,12103966,Nej
Odense,0461,"Tillæg nr. 8 Plejecenter og boliger, Anderupvej 54",12122005,Nej
Odsherred,0306,KP-tillæg nr. 17 for en højere bebyggelsesprocent i centerområdet i Asnæs,11922134,Nej
Odsherred,0306,Kommuneplantillæg 10,11309265,Nej
Odsherred,0306,"Kommuneplantillæg 11 for skole, Daginstitution, Svømmehal og Idrætshal syd for Vesterlyngvej i Nykøbing Sj.",11256967,Nej
Odsherred,0306,Kommuneplantillæg nr 14 - Store sommerhuse,11253204,Nej
Odsherred,0306,Kommuneplantillæg nr. 16 - Nyrup Landsby,11299765,Nej
Odsherred,0306,Kommuneplantillæg nr. 18 - Grundtvigsskolen - Nykøbing Sj,11347233,Nej
Odsherred,0306,Kommuneplantillæg nr. 19 - Nordicland - Tinghuleområder,11460845,Nej
Odsherred,0306,Kommuneplantillæg nr. 2 for Egebjerg erhversområde,10986488,Nej
Odsherred,0306,"Kommuneplantillæg nr. 26 for ferieboliger ved røgeriet i Havnebyen, Sj. Odde",12137645,Nej
Odsherred,0306,Kommuneplantillæg nr. 5 for Fårevejle Rensningsanlæg og Varmeværk,11170646,Nej
Odsherred,0306,Kommuneplantillæg nr. 6 for turisme- og serviceerhverv i et sommerhusområde i Rørvig,11173783,Nej
Odsherred,0306,Kommuneplantillæg nr. 7 for Turisme-og serviceerhverv i et sommerhusområde på Lyngvej,11923326,Nej
Odsherred,0306,Kommuneplantillæg nr. 8 for bevaringsværdige bygninger,11445349,Nej
Odsherred,0306,Kommuneplantillæg nr. Asmindrup nr. 3,11192022,Nej
Odsherred,0306,Tillæg 22 Ladestandere - REMA 1000 i Lumsås,11923320,Nej
Odsherred,0306,Tillæg 23 Telegrafvej - Sommerhusområde - Rørvig,12085205,Nej
Odsherred,0306,Tillæg 24 - Skamlebæk Badehotel,12181594,Nej
Odsherred,0306,Tillæg nr. 20 for Lindely bykvarter i Nykøbing Sj,11923335,Nej
Odsherred,0306,Tillæg nr. 4 til Kommuneplan 2021-33 - Fjernvarmeværk i Vallekilde - Hørve,11276090,Nej
Odsherred,0306,Tillæg nr. 9 til kommuneplan 2021-2033 for et bestående erhvervsområde i Højby,12137596,Nej
Odsherred,0306,kommuneplantilllæg nr 1.,10986480,Nej
Odsherred,0306,"kommuneplantillæg nr. 12 - tekniske anlæg, solceller ved Grevinge Lammefjord",11240010,Nej
Odsherred,0306,kommuneplantillæg nr. 15 for Solvognens fundsted,10345055,Nej
Odsherred,0306,tillæg til kommuneplanen nr. 13,11240150,Nej
Randers,0730,Tillæg 3 - Klimatilpasning af Randers midtby,12181587,Nej
Rebild,0840,Kommuneplantillæg nr. 11,11364793,Nej
Rebild,0840,"Nr. 1 - Boligområde ved Øster Hornumvej, Øster Hornum",12121765,Nej
Rebild,0840,"Nr. 2 - Boligområde ved Anlægsvej, Suldrup",12116125,Nej
Ringkøbing-Skjern,0760,"Tillæg nr. 1 - Boligområde ved Brogårdsvej, Tarm",12104371,Nej
Ringkøbing-Skjern,0760,"Tillæg nr. 10 - for et område til rekreative formål, hotel ved Bjerregård",11906291,Nej
Ringkøbing-Skjern,0760,"Tillæg nr. 14 - for et område til center- og erhvervsformål ved Arnborgvej, Skjern og Åboulevarden, Tarm",12181413,Nej
Ringkøbing-Skjern,0760,"Tillæg nr. 17 - for et område til teknisk anlæg (solcelleanlæg)  ved Stenmose, Ådum",12102843,Nej
Ringkøbing-Skjern,0760,"Tillæg nr. 19 for et område til rekreativt formål (Skydebane) ved Sæddingvej 26a, Skjern",12181476,Nej
Ringkøbing-Skjern,0760,"Tillæg nr. 2 - for et erhvervsområde ved Fabriksvej, Hvide Sande",12086765,Nej
Ringkøbing-Skjern,0760,"Tillæg nr. 20 - område til offentlige formål ved Idrætsvej, Lyne",12190703,Nej
Ringkøbing-Skjern,0760,Tillæg nr. 23 - Område til boligformål ved Stationsvej i Tarm,12185963,Nej
Ringkøbing-Skjern,0760,Tillæg nr. 25 for et område til boligformål ved Blomstermarken i Spjald,12185313,Nej
Ringkøbing-Skjern,0760,"Tillæg nr. 3 - for et område til teknisk formål (biogasanlæg) ved Arnborgvej, Borris",11926799,Nej
Ringkøbing-Skjern,0760,Tillæg nr. 4 - Område til teknisk anlæg ved Renseanlæg i Ringkøbing,12129180,Nej
Ringsted,0329,Kommuneplantillæg 1 - D7L område til offentlige formål,12191132,Nej
Roskilde,0265,Tillæg 5 -  Stadion og boliger ved Rådmandshaven,12138063,Nej
Rudersdal,0230,TIllæg 16,11901845,Nej
Rudersdal,0230,Tillæg 1 til Kommuneplan 2021,10916072,Nej
Rudersdal,0230,Tillæg 10 til Kommuneplan 2021,11257345,Nej
Rudersdal,0230,Tillæg 11 til Kommuneplan 2021,11231538,Nej
Rudersdal,0230,Tillæg 12 til Kommuneplan 2021,11231540,Nej
Rudersdal,0230,Tillæg 14 til Kommuneplan 2021,11271102,Nej
Rudersdal,0230,Tillæg 15,11426145,Nej
Rudersdal,0230,Tillæg 17,12108773,Nej
Rudersdal,0230,Tillæg 18,11486479,Nej
Rudersdal,0230,Tillæg 2,10851074,Nej
Rudersdal,0230,Tillæg 3 til Kommuneplan 2021,10917730,Nej
Rudersdal,0230,Tillæg 9 for Trørød erhvervsområde,11192451,Nej
Rødovre,0175,Tillæg 1: Gartnerbyen,11021727,Nej
Rødovre,0175,Tillæg 2: Almen-bolig-krav i rammeområde 4B20. Nyt boligkvarter syd for Irmabyen.,11253765,Nej
Rødovre,0175,Tillæg 3 til Kommuneplan 2022,11746769,Nej
Rødovre,0175,Tillæg 4 til Kommuneplan 2022,12086875,Nej
Samsø,0741,Kommuneplantillæg nr. 1 - Samsø Strandhotel,12190288,Nej
Silkeborg,0740,"Tillæg 14: Resen, Gødvad",11270892,Nej
Silkeborg,0740,Tillæg 15: Detailhandel,11192015,Nej
Silkeborg,0740,Tillæg 16: Boliger i landsbyen Mollerup,10886444,Nej
Silkeborg,0740,"Tillæg 17: Udvidelse af centerområde, Virklund",11016405,Nej
Silkeborg,0740,"Tillæg 18: Funder Kirkevej, Funder",11197401,Nej
Silkeborg,0740,Tillæg 19:  Ans,11281817,Nej
Silkeborg,0740,Tillæg 1: Samletillæg,10972215,Nej
Silkeborg,0740,Tillæg 20: Tekniske anlæg,11631260,Nej
Silkeborg,0740,Tillæg 21: Offentlige og rekreative formål i Kjellerup SV,11192349,Nej
Silkeborg,0740,Tillæg 23: Sejling-Skægkær,11271156,Nej
Silkeborg,0740,"Tillæg 25: Dyrehaven, Them",11170366,Nej
Silkeborg,0740,"Tillæg 27: Høngevej, Sorring",11304275,Nej
Silkeborg,0740,Tillæg 28: Erhvervsområde Hårup Øst,11426302,Nej
Silkeborg,0740,Tillæg 29: Vinderslev,11270907,Nej
Silkeborg,0740,"Tillæg 2: Søndre Grauballevej, Grauballe",10650128,Nej
Silkeborg,0740,"Tillæg 30: Udvidelse af bebyggelsesmuligheder ved Viborgvej og Nordre Ringvej, Balle",11494758,Nej
Silkeborg,0740,Tillæg 31: boliger og døgninstitution i Funder,12121899,Nej
Silkeborg,0740,"Tillæg 34: Erhvervsområde nord for Funder Kirkevej, Funder",11494762,Nej
Silkeborg,0740,Tillæg 39: Bydelscenter Eriksborg,12117452,Nej
Silkeborg,0740,"Tillæg 41: Vestre Ringvej, Hvinningdal",11341456,Nej
Silkeborg,0740,Tillæg 47: Udtagelse af kommuneplanramme 14-B-12 ved Funder Bakke og Ærøvej i Funder,11317404,Nej
Silkeborg,0740,Tillæg 48: Blandet bolig og erhverv på Hornskovvej 4 og 6 i Vium,11608954,Nej
Silkeborg,0740,"Tillæg 4: Kejlstrupvej, Balle",10650186,Nej
Silkeborg,0740,Tillæg 50: Boliger på Dalgasgade 24A i Silkeborg,12189076,Nej
Silkeborg,0740,Tillæg 52: Boligområde ved Lille Amerika og Søndergade i Gjern,12117422,Nej
Silkeborg,0740,"Tillæg 5: Erhvervsområde, Balle",10696428,Nej
Silkeborg,0740,"Tillæg 63: Offentlige formål, Alderslyst",12187180,Nej
Silkeborg,0740,"Tillæg 64: Udvidelse af boligområde ved motorvej, nord for Astrid Lindgrens Vej i Balle",12161383,Nej
Silkeborg,0740,Tillæg 66:  Them Mejeri,12161307,Nej
Silkeborg,0740,"Tillæg 6: Eriksborg, Gødvad og Grauballe",10822376,Nej
Silkeborg,0740,"Tillæg 71: Ophævelse af del af kommuneplanramme 31-R-80, Gjern",12189004,Nej
Silkeborg,0740,"Tillæg 72: Tilpasning af kommuneplanramme 14-E-03, Funder",12191942,Nej
Silkeborg,0740,"Tillæg 9: Område til butik og boliger, Sejs-Svejbæk",9721293,Nej
Skanderborg,0746,Kommuneplantillæg 21-30 Boligområde ved Stenskovvej i Stjær,11442965,Nej
Skanderborg,0746,Kommuneplantillæg 25-01 Erhvervsområde ved Vroldvej,12106972,Nej
Skanderborg,0746,Kommuneplantillæg 25-03 Boligområde Voerladegård,12133262,Nej
Skanderborg,0746,"Kommuneplantillæg 25-04, Boligområde og grønne arealer i det vestlige Alken",12149757,Nej
Skive,0779,Tillæg nr. 1 - Vindmøller ved Rybjerg,11300049,Nej
Skive,0779,Tillæg nr. 2 - Boligområde ved Sønderkær i Roslev,11300211,Nej
Skive,0779,Tillæg nr. 3 - Boliger ved Jens Hansens Vej,11307850,Nej
Skive,0779,Tillæg nr. 4 - Lokalcenter ved Fjordbjerg Ager,11307965,Nej
Skive,0779,Tillæg nr. 5 - Boligområde syd for Jernbanevej i Nr. Søby,11332325,Nej
Skive,0779,Tillæg nr. 7 - Dagligvarebutik ved Sønderkær i Roslev,12157281,Nej
Skive,0779,Tillæg nr. 9 - Boligområde ved Marienlystvej i Skive,12157289,Nej
Slagelse,0330,"Kommuneplantillæg nr. 1 - Daligvarebutik ved Holbækvej, Slagelse",11240538,Nej
Slagelse,0330,Kommuneplantillæg nr. 12 - Halsskov kulfyr,12129172,Nej
Slagelse,0330,"Kommuneplantillæg nr. 14 - Inter terminals A/S, Gulfhavn Oil Terminal Stigsnæs",12192667,Nej
Slagelse,0330,Kommuneplantillæg nr. 15 - Udvidelse af flådestation Korsør,12161145,Nej
Slagelse,0330,Kommuneplantillæg nr. 19 - Løvegade 73,12138903,Nej
Slagelse,0330,Kommuneplantillæg nr. 20 - Senioregnede boliger ved Bernstensgade,12191092,Nej
Slagelse,0330,Kommuneplantillæg nr. 22 - Blandet boligområde i Nordøstlig del af Sørbymagle,12191064,Nej
Slagelse,0330,Kommuneplantillæg nr. 24 -Kobæk restaurant,12190944,Nej
Slagelse,0330,Kommuneplantillæg nr. 4 - Ladestation ved Storebæltsvej,11330587,Nej
Slagelse,0330,Kommuneplantillæg nr. 5 - Solcelleanlæg ved Tjæreby,11194061,Nej
Slagelse,0330,"Kommuneplantillæg nr. 6 - ""Slipset"" Trafik- og transportcenter",11352574,Nej
Slagelse,0330,"Kommuneplantillæg nr. 7 - Bakkesøhuse - Trestensvej, Skælskør",11331576,Nej
Slagelse,0330,"Kommuneplantillæg nr. 8 - Tæt-lav boliger - Trestensvej, Skælskør",11441491,Nej
Slagelse,0330,Kommuneplantillæg nr. 9 - Villa Fjordhøj,11887467,Nej
Solrød,0269,Tillæg nr. 1 - Skovrejsning ved Gl. Havdrup,12130303,Nej
Sorø,0340,Tillæg 1 til Sorø Kommuneplan 2023-34,12155542,Nej
Sorø,0340,Tillæg 2 til Sorø Kommuneplan 2023-2034,12157470,Nej
Sorø,0340,Tillæg 3-2024 til Sorø Kommuneplan 2023-2034,11425050,Nej
Sorø,0340,Tillæg 4 til Sorø Kommuneplan 2023-2034,12157749,Nej
Struer,0671,Nr. 1 - Lyngs Idrætsefterskole,12116104,Nej
Svendborg,0479,2025.01 - Centerområde Kullinggade,12188912,Nej
Svendborg,0479,Centerområde Frederiksø,12155465,Nej
Svendborg,0479,"Havneerhverv, Frederiksø",12187210,Nej
Syddjurs,0706,Boligområde ved Århusvej 5,11251918,Nej
Syddjurs,0706,for et nyt boligområde til etageboliger ved Hovedgaden i Rønde.,11942146,Nej
Sønderborg,0540,Nr. 1 -  Erhvervsområde ved Gråsten Teglværk,11427699,Nej
Sønderborg,0540,Nr. 10 - Udvidelse af Center Øst,12156548,Nej
Sønderborg,0540,"Nr. 2 - Solcelleanlæg ved Lavensby, Nordborg",12116992,Nej
Sønderborg,0540,Nr. 3 - Boligområde ved Dyntvej i Broager,12109166,Nej
Sønderborg,0540,Nr. 4 - Midtvejsvurdering af Kommuneplan 2023-2035,11918075,Nej
Sønderborg,0540,"Nr. 6 - Boligområde ved Sildekulevej og Kongevej, Gråsten",12121819,Nej
Sønderborg,0540,"Nr. 8 - Dagligvarebutik, idrætshal og etageboligbebyggelse på B. S. Ingemanns Vej, Sønderborg",12130512,Nej
Tårnby,0185,Forslag til Kommuneplantillæg nr. 3,11253288,Nej
Tårnby,0185,Kommuneplantillæg 1,11171046,Nej
Tårnby,0185,Kommuneplantillæg 2,11170719,Nej
Tårnby,0185,Kommuneplantillæg 7,11427247,Nej
Tårnby,0185,Kommuneplantillæg nr. 4,11453736,Nej
Tårnby,0185,Kommuneplantillæg nr. 5,12187239,Nej
Tårnby,0185,Kommuneplantillæg nr. 8,12088299,Nej
Tønder,0550,104-410,9640508,Nej
Tønder,0550,105-630,9640505,Nej
Tønder,0550,110-620 Skov- og erhvervsområde Tønder Nord,9667010,Nej
Tønder,0550,121-210,11231410,Nej
Tønder,0550,"122-210 - Ændring af erhvervsområde Frifelt, Højer",10818001,Nej
Tønder,0550,125-110,11231567,Nej
Tønder,0550,"KPT. 175-310 Sportsefterskolen SINE,  Løgumkloster",12157901,Nej
Tønder,0550,"Kommuneplantillæg 123-620 - Erhvervsområde ved Ndr Landevej, Tønder",10909905,Nej
Tønder,0550,Kommuneplantillæg 164-610,11496230,Nej
Tønder,0550,"Kommuneplantillæg 171-740, Naturcenter Tønnisgård",12185441,Nej
Tønder,0550,Kommuneplantillæg Nr. 168-680 Hestholm - Museum Wegner,11942098,Nej
Tønder,0550,"Kommuneplantillæg nr. 101-540 - Erhvervsområde ved Algade og Voddervej, Frifelt",9636808,Nej
Tønder,0550,Kommuneplantillæg nr. 111-510 - Marsk Camp A/S. Skærbæk,9675080,Nej
Tønder,0550,Kommuneplantillæg nr. 112-610 - Tønder Midtby,10055003,Nej
Tønder,0550,"Kommuneplantillæg nr. 114-110 - Biogasanlæg ved Storde, Bredebeo",9732439,Nej
Tønder,0550,Kommuneplantillæg nr. 117-680 - Brinksgaard,9753317,Nej
Tønder,0550,"Kommuneplantillæg nr. 118-620 - Aflastningsområde Øst ved Ndr Landevej, Tønder",10073700,Nej
Tønder,0550,Kommuneplantillæg nr. 119-310 - Den tyske skole Løgumkloster,10452835,Nej
Tønder,0550,"Kommuneplantillæg nr. 120-220 - Erhvervsområde ved Højervej, Sdr. Sejerslev",10477784,Nej
Tønder,0550,"Kommuneplantillæg nr. 123-620 - Erhvervsområde ved Ndr Landevej,",10912816,Nej
Tønder,0550,Kommuneplantillæg nr. 127-130,10917895,Nej
Tønder,0550,Kommuneplantillæg nr. 129-410,11365553,Nej
Tønder,0550,Kommuneplantillæg nr. 131-740,11207697,Nej
Tønder,0550,"Kommuneplantillæg nr. 132-420, Sportsområde i Agerskov",11200698,Nej
Tønder,0550,Kommuneplantillæg nr. 133-510,11300013,Nej
Tønder,0550,"Kommuneplantillæg nr. 134-510, Skærbæk Ferieby, Skærbæk",12137533,Nej
Tønder,0550,Kommuneplantillæg nr. 135-470 Solcellepark ved Vestermarksvej,11270628,Nej
Tønder,0550,Kommuneplantillæg nr. 136-150 Solenergianlæg ved Bredebro,11270637,Nej
Tønder,0550,Kommuneplantillæg nr. 138-150 Vindmøller ved Borg-Visby Vest,12189298,Nej
Tønder,0550,Kommuneplantillæg nr. 139-680 Tyvse Solenergipark,11922503,Nej
Tønder,0550,Kommuneplantillæg nr. 140-150 Bredebro II solenergipark,11922570,Nej
Tønder,0550,"Kommuneplantillæg nr. 147-350 - Biogasanlæg ved Vinumvej, Løgumkloster",11922455,Nej
Tønder,0550,Kommuneplantillæg nr. 148-100 til  Tønder Kommuneplan 2017-2029 Solceller i Tønder Kommune,11847708,Nej
Tønder,0550,Kommuneplantillæg nr. 149-610 Tønder Festival - Område til offentlige formål mv.,11901222,Nej
Tønder,0550,Kommuneplantillæg nr. 150-450,11365542,Nej
Tønder,0550,"Kommuneplantillæg nr. 151-510, Skærbækcentret, Skærbæk",12107778,Nej
Tønder,0550,"Kommuneplantillæg nr. 152-420 Boligområde ved Boldershøj, Agerskov",11340896,Nej
Tønder,0550,Kommuneplantillæg nr. 153-740,11365549,Nej
Tønder,0550,Kommuneplantillæg nr. 158-560 Lovrup Solenergipark,11922497,Nej
Tønder,0550,Kommuneplantillæg nr. 161-150 Solcellepark ved Ballum Hede,11922491,Nej
Tønder,0550,Kommuneplantillæg nr. 162-350  Solcellepark ved Løgumkloster,11922495,Nej
Tønder,0550,"Kommuneplantillæg nr. 165-150 Højspændingssamlestation ved  Galgemark, Bredebro",11922511,Nej
Tønder,0550,Kommuneplantillæg nr. 167-680 Emmerske Efterskole,11901188,Nej
Tønder,0550,"Kommuneplantillæg nr. 169-560, Højspændingsstation, Birkelev",12139279,Nej
Tønder,0550,"Kommuneplantillæg nr. 176-740 Poppelgården, Rømø",12187182,Nej
Tønder,0550,"Kommunepolantillæg nr. 113-410 - Centerområde ved Søndergade Syd, Toftlund",9711354,Nej
Tønder,0550,Ny silo ved Andels-Kartoffelmelsfabrikken Danmark,12121911,Nej
Tønder,0550,"Område til bassiner til kartoffelvaskevand ved Hønning, Toftlund",11922058,Nej
Varde,0573,Tillæg 01 til KP25 - Arealregnskabet,12104124,Nej
Varde,0573,Tillæg 02 til Kommuneplan 2025 - Sektorkoblet anlæg ved Krageris,12186789,Nej
Varde,0573,Tillæg 04,12152898,Nej
Varde,0573,Tillæg 05,12153652,Nej
Varde,0573,Tillæg 06,12153636,Nej
Varde,0573,Tillæg 07 til Kommuneplan 2025 - ændring til rammer i Outrup,12186847,Nej
Vejen,0575,Tillæg 1 -  Erhvervsområde ved Tirslundvej i Brørup,11947833,Nej
Vejen,0575,Tillæg 17 - Ændring af Bevaringsværdigt landskab ved Lunderskovvej,12185340,Nej
Vejen,0575,Tillæg 2 - Erhverv vest for Gestenvej,12109147,Nej
Vejen,0575,Tillæg 3 - Solenergianlæg ved Farris,12186752,Nej
Vejen,0575,Tillæg 5 - Teknisk anlæg som biogas ved Lunderskovvej,11340737,Nej
Vejen,0575,Tillæg 6 - Boligformål ved Staushedevejen,12139727,Nej
Vejen,0575,Tillæg 9 - Boligformål nord for Ørstedvej,12187046,Nej
Vejle,0630,"Område til offentlige formål ved Søndermarksvej, Søndermarken",12121850,Nej
Vejle,0630,Tillæg 1 - Supplerende materiale til Kommuneplan 2025-2037,12154048,Nej
Vejle,0630,Tillæg 2 - Rekreativt område ved Herningvej i Jelling,12136857,Nej
Vejle,0630,"Tillæg nr. 10 Boligområde ved Valdemarsgade og Spinderigade, Vejle",12105347,Nej
Vejle,0630,"Tillæg nr. 15, Boligområde ved Ribevej og Mølkærvej, Ødsted",12139179,Nej
Vejle,0630,Tillæg nr. 3 Hører til lokalplan nr. 1439,12139342,Nej
Vejle,0630,"Tillæg nr. 5 Boligområde Tirsbæk Bakker, etape 6, Margrethehøj, Vejle",12181781,Nej
Vejle,0630,Tillæg nr. 6 hører til lokalplan nr. 1445,12181696,Nej
Vejle,0630,"Tillæg nr. 7 Erhvervsområde ved Vejlevej og Hjortsvangen, Give",12189350,Nej
Vejle,0630,"Tillæg nr. 8 Offentligt område ved Dampskibsvejen, Vejle",12188822,Nej
Vejle,0630,Tillæg nr. 9 hører til lokalplan nr. 1359,12107254,Nej
Vesthimmerlands,0820,KP-21-04 Vindmøller ved Thorup-Sletten,11186875,Nej
Vesthimmerlands,0820,KP-21-08 Boligområde øst for Anlægsvej og Oustrupvej,11240270,Nej
Vesthimmerlands,0820,KP21-01 Vindmøller Bjørnstrup,10683374,Nej
Vesthimmerlands,0820,KP21-02 Ny højspændingsstation Mosbæk,11151387,Nej
Vesthimmerlands,0820,KP21-03 Boligområde Hans Egedes Vej og Tvebjerg,11239957,Nej
Vesthimmerlands,0820,KP21-06 Vindmøller og solceller ved Svoldrup Kær,11247069,Nej
Vesthimmerlands,0820,KP21-07 Solcelleanlæg ved Mosbæk,11280386,Nej
Vesthimmerlands,0820,KP21-09 Udvidelse af rammen for landsbyen Gatten,11253035,Nej
Vesthimmerlands,0820,KP21-10 Boligområde syd og nord for Vestergade,11302034,Nej
Vesthimmerlands,0820,KP21-12 Boligområde ved Søndergade i Gedsted,12139534,Nej
Vesthimmerlands,0820,KP21-13 Erhvervsområde i Overlade,11484684,Nej
Vesthimmerlands,0820,KP21-14 Udvidelse af boligområdet Majsmarken,11426091,Nej
Vesthimmerlands,0820,KP21-15 Temarevision af hovedstruktur og retningslinjer for byudvikling i Kommuneplan 2021,11425094,Nej
Vesthimmerlands,0820,"KP21-17 - Vindmøller og solceller mellem Farsø, Havbro og Vester Hornum",12188547,Nej
Viborg,0791,Tillæg nr. 115 - Landområdet omkring Ørum,11922127,Nej
Viborg,0791,Tillæg nr. 12- Viborg Midtby bycenter,11912601,Nej
Viborg,0791,Tillæg nr. 15 - Viborg Vest,11881822,Nej
Viborg,0791,Tillæg nr. 18 - Landområdet omkring Karup,12129749,Nej
Viborg,0791,"Tillæg nr. 19 - Lokal udviklingsplan for Mammen, Hvam og Vridsted",12139978,Nej
Viborg,0791,Tillæg nr. 25 - Viborg Nordvest,12187312,Nej
Viborg,0791,Tillæg nr. 26 - Viborg Øst,12156759,Nej
Viborg,0791,Tillæg nr. 27 - Viborg Nordvest,12138104,Nej
Viborg,0791,Tillæg nr. 28 - Viborg Sydvest,12157267,Nej
Viborg,0791,Tillæg nr. 3 - Bjerringbro,12106701,Nej
Viborg,0791,Tillæg nr. 31 - Viborg Sydvest,12192599,Nej
Viborg,0791,Tillæg nr. 4 - Grønhøj,12108695,Nej
Viborg,0791,Tillæg nr. 5 - Viborg Nordvest,12107375,Nej
Vordingborg,0390,Kommuneplantillæg 9,11206428,Nej
Vordingborg,0390,Kommuneplantillæg nr. 16,11301391,Nej
Vordingborg,0390,Kommuneplantillæg nr. 17,12157701,Nej
Vordingborg,0390,Kommuneplantillæg nr. 20,11266619,Nej
Vordingborg,0390,Kommuneplantillæg nr. 21,11276583,Nej
Vordingborg,0390,Kommuneplantillæg nr. 24,11332472,Nej
Vordingborg,0390,Kommuneplantillæg nr. 39,11916508,Nej
Vordingborg,0390,Kommuneplantillæg nr. 41,12108977,Nej
Vordingborg,0390,Kommuneplantillæg nr. 43 Boliger ved Stege Fælled,12187350,Nej
Vordingborg,0390,Kommuneplantillæg nr. 46,12182681,Nej
Vordingborg,0390,Kommuneplantillæg nr. 5,11240808,Nej
Vordingborg,0390,Nr. 3,11192153,Nej
Vordingborg,0390,Nr. 6,11253733,Nej
Vordingborg,0390,Tillæg Nr. 26,11619803,Nej
Vordingborg,0390,Tillæg nr. 1,11175511,Nej
Vordingborg,0390,Tillæg nr. 10,11276548,Nej
Vordingborg,0390,Tillæg nr. 11,11256133,Nej
Vordingborg,0390,Tillæg nr. 12,11253752,Nej
Vordingborg,0390,Tillæg nr. 14,11306459,Nej
Vordingborg,0390,Tillæg nr. 15,11268357,Nej
Vordingborg,0390,Tillæg nr. 18,11304401,Nej
Vordingborg,0390,Tillæg nr. 19,11487863,Nej
Vordingborg,0390,Tillæg nr. 2,11176974,Nej
Vordingborg,0390,Tillæg nr. 22,11280148,Nej
Vordingborg,0390,Tillæg nr. 23,11301433,Nej
Vordingborg,0390,Tillæg nr. 25,11328895,Nej
Vordingborg,0390,Tillæg nr. 27,11301364,Nej
Vordingborg,0390,Tillæg nr. 28,11309184,Nej
Vordingborg,0390,Tillæg nr. 29,11304283,Nej
Vordingborg,0390,Tillæg nr. 4,11129438,Nej
Vordingborg,0390,Tillæg nr. 8,11253735,Nej
Vordingborg,0390,Udvidelse af erhvervsområde Afkørsel 41,12087352,Nej
Vordingborg,0390,tillæg nr. 13,11271506,Nej
